Stock,Weight
AAPL,0.10441
AMZN,0.16376
GOOGL,0.45856
MSFT,0.20167
TSLA,0.07161
